INSERT INTO country (id, code, name) VALUES (null, 'AF', 'Afghanistan');
INSERT INTO country (id, code, name) VALUES (null, 'AL', 'Albania');
INSERT INTO country (id, code, name) VALUES (null, 'DZ', 'Algeria');
INSERT INTO country (id, code, name) VALUES (null, 'DS', 'American Samoa');
INSERT INTO country (id, code, name) VALUES (null, 'AD', 'Andorra');
INSERT INTO country (id, code, name) VALUES (null, 'AO', 'Angola');
INSERT INTO country (id, code, name) VALUES (null, 'AI', 'Anguilla');
INSERT INTO country (id, code, name) VALUES (null, 'AQ', 'Antarctica');
INSERT INTO country (id, code, name) VALUES (null, 'AG', 'Antigua and Barbuda');
INSERT INTO country (id, code, name) VALUES (null, 'AR', 'Argentina');
INSERT INTO country (id, code, name) VALUES (null, 'AM', 'Armenia');
INSERT INTO country (id, code, name) VALUES (null, 'AW', 'Aruba');
INSERT INTO country (id, code, name) VALUES (null, 'AU', 'Australia');
INSERT INTO country (id, code, name) VALUES (null, 'AT', 'Austria');
INSERT INTO country (id, code, name) VALUES (null, 'AZ', 'Azerbaijan');
INSERT INTO country (id, code, name) VALUES (null, 'BS', 'Bahamas');
INSERT INTO country (id, code, name) VALUES (null, 'BH', 'Bahrain');
INSERT INTO country (id, code, name) VALUES (null, 'BD', 'Bangladesh');
INSERT INTO country (id, code, name) VALUES (null, 'BB', 'Barbados');
INSERT INTO country (id, code, name) VALUES (null, 'BY', 'Belarus');
INSERT INTO country (id, code, name) VALUES (null, 'BE', 'Belgium');
INSERT INTO country (id, code, name) VALUES (null, 'BZ', 'Belize');
INSERT INTO country (id, code, name) VALUES (null, 'BJ', 'Benin');
INSERT INTO country (id, code, name) VALUES (null, 'BM', 'Bermuda');
INSERT INTO country (id, code, name) VALUES (null, 'BT', 'Bhutan');
INSERT INTO country (id, code, name) VALUES (null, 'BO', 'Bolivia');
INSERT INTO country (id, code, name) VALUES (null, 'BA', 'Bosnia and Herzegovina');
INSERT INTO country (id, code, name) VALUES (null, 'BW', 'Botswana');
INSERT INTO country (id, code, name) VALUES (null, 'BV', 'Bouvet Island');
INSERT INTO country (id, code, name) VALUES (null, 'BR', 'Brazil');
INSERT INTO country (id, code, name) VALUES (null, 'IO', 'British Indian Ocean Territory');
INSERT INTO country (id, code, name) VALUES (null, 'BN', 'Brunei Darussalam');
INSERT INTO country (id, code, name) VALUES (null, 'BG', 'Bulgaria');
INSERT INTO country (id, code, name) VALUES (null, 'BF', 'Burkina Faso');
INSERT INTO country (id, code, name) VALUES (null, 'BI', 'Burundi');
INSERT INTO country (id, code, name) VALUES (null, 'KH', 'Cambodia');
INSERT INTO country (id, code, name) VALUES (null, 'CM', 'Cameroon');
INSERT INTO country (id, code, name) VALUES (null, 'CA', 'Canada');
INSERT INTO country (id, code, name) VALUES (null, 'CV', 'Cape Verde');
INSERT INTO country (id, code, name) VALUES (null, 'KY', 'Cayman Islands');
INSERT INTO country (id, code, name) VALUES (null, 'CF', 'Central African Republic');
INSERT INTO country (id, code, name) VALUES (null, 'TD', 'Chad');
INSERT INTO country (id, code, name) VALUES (null, 'CL', 'Chile');
INSERT INTO country (id, code, name) VALUES (null, 'CN', 'China');
INSERT INTO country (id, code, name) VALUES (null, 'CX', 'Christmas Island');
INSERT INTO country (id, code, name) VALUES (null, 'CC', 'Cocos (Keeling) Islands');
INSERT INTO country (id, code, name) VALUES (null, 'CO', 'Colombia');
INSERT INTO country (id, code, name) VALUES (null, 'KM', 'Comoros');
INSERT INTO country (id, code, name) VALUES (null, 'CG', 'Congo');
INSERT INTO country (id, code, name) VALUES (null, 'CK', 'Cook Islands');
INSERT INTO country (id, code, name) VALUES (null, 'CR', 'Costa Rica');
INSERT INTO country (id, code, name) VALUES (null, 'HR', 'Croatia (Hrvatska)');
INSERT INTO country (id, code, name) VALUES (null, 'CU', 'Cuba');
INSERT INTO country (id, code, name) VALUES (null, 'CY', 'Cyprus');
INSERT INTO country (id, code, name) VALUES (null, 'CZ', 'Czech Republic');
INSERT INTO country (id, code, name) VALUES (null, 'DK', 'Denmark');
INSERT INTO country (id, code, name) VALUES (null, 'DJ', 'Djibouti');
INSERT INTO country (id, code, name) VALUES (null, 'DM', 'Dominica');
INSERT INTO country (id, code, name) VALUES (null, 'DO', 'Dominican Republic');
INSERT INTO country (id, code, name) VALUES (null, 'TP', 'East Timor');
INSERT INTO country (id, code, name) VALUES (null, 'EC', 'Ecuador');
INSERT INTO country (id, code, name) VALUES (null, 'EG', 'Egypt');
INSERT INTO country (id, code, name) VALUES (null, 'SV', 'El Salvador');
INSERT INTO country (id, code, name) VALUES (null, 'GQ', 'Equatorial Guinea');
INSERT INTO country (id, code, name) VALUES (null, 'ER', 'Eritrea');
INSERT INTO country (id, code, name) VALUES (null, 'EE', 'Estonia');
INSERT INTO country (id, code, name) VALUES (null, 'ET', 'Ethiopia');
INSERT INTO country (id, code, name) VALUES (null, 'FK', 'Falkland Islands (Malvinas)');
INSERT INTO country (id, code, name) VALUES (null, 'FO', 'Faroe Islands');
INSERT INTO country (id, code, name) VALUES (null, 'FJ', 'Fiji');
INSERT INTO country (id, code, name) VALUES (null, 'FI', 'Finland');
INSERT INTO country (id, code, name) VALUES (null, 'FR', 'France');
INSERT INTO country (id, code, name) VALUES (null, 'FX', 'France, Metropolitan');
INSERT INTO country (id, code, name) VALUES (null, 'GF', 'French Guiana');
INSERT INTO country (id, code, name) VALUES (null, 'PF', 'French Polynesia');
INSERT INTO country (id, code, name) VALUES (null, 'TF', 'French Southern Territories');
INSERT INTO country (id, code, name) VALUES (null, 'GA', 'Gabon');
INSERT INTO country (id, code, name) VALUES (null, 'GM', 'Gambia');
INSERT INTO country (id, code, name) VALUES (null, 'GE', 'Georgia');
INSERT INTO country (id, code, name) VALUES (null, 'DE', 'Germany');
INSERT INTO country (id, code, name) VALUES (null, 'GH', 'Ghana');
INSERT INTO country (id, code, name) VALUES (null, 'GI', 'Gibraltar');
INSERT INTO country (id, code, name) VALUES (null, 'GK', 'Guernsey');
INSERT INTO country (id, code, name) VALUES (null, 'GR', 'Greece');
INSERT INTO country (id, code, name) VALUES (null, 'GL', 'Greenland');
INSERT INTO country (id, code, name) VALUES (null, 'GD', 'Grenada');
INSERT INTO country (id, code, name) VALUES (null, 'GP', 'Guadeloupe');
INSERT INTO country (id, code, name) VALUES (null, 'GU', 'Guam');
INSERT INTO country (id, code, name) VALUES (null, 'GT', 'Guatemala');
INSERT INTO country (id, code, name) VALUES (null, 'GN', 'Guinea');
INSERT INTO country (id, code, name) VALUES (null, 'GW', 'Guinea-Bissau');
INSERT INTO country (id, code, name) VALUES (null, 'GY', 'Guyana');
INSERT INTO country (id, code, name) VALUES (null, 'HT', 'Haiti');
INSERT INTO country (id, code, name) VALUES (null, 'HM', 'Heard and Mc Donald Islands');
INSERT INTO country (id, code, name) VALUES (null, 'HN', 'Honduras');
INSERT INTO country (id, code, name) VALUES (null, 'HK', 'Hong Kong');
INSERT INTO country (id, code, name) VALUES (null, 'HU', 'Hungary');
INSERT INTO country (id, code, name) VALUES (null, 'IS', 'Iceland');
INSERT INTO country (id, code, name) VALUES (null, 'IN', 'India');
INSERT INTO country (id, code, name) VALUES (null, 'IM', 'Isle of Man');
INSERT INTO country (id, code, name) VALUES (null, 'ID', 'Indonesia');
INSERT INTO country (id, code, name) VALUES (null, 'IR', 'Iran (Islamic Republic of)');
INSERT INTO country (id, code, name) VALUES (null, 'IQ', 'Iraq');
INSERT INTO country (id, code, name) VALUES (null, 'IE', 'Ireland');
INSERT INTO country (id, code, name) VALUES (null, 'IL', 'Israel');
INSERT INTO country (id, code, name) VALUES (null, 'IT', 'Italy');
INSERT INTO country (id, code, name) VALUES (null, 'CI', 'Ivory Coast');
INSERT INTO country (id, code, name) VALUES (null, 'JE', 'Jersey');
INSERT INTO country (id, code, name) VALUES (null, 'JM', 'Jamaica');
INSERT INTO country (id, code, name) VALUES (null, 'JP', 'Japan');
INSERT INTO country (id, code, name) VALUES (null, 'JO', 'Jordan');
INSERT INTO country (id, code, name) VALUES (null, 'KZ', 'Kazakhstan');
INSERT INTO country (id, code, name) VALUES (null, 'KE', 'Kenya');
INSERT INTO country (id, code, name) VALUES (null, 'KI', 'Kiribati');
INSERT INTO country (id, code, name) VALUES (null, 'KP', 'Korea, Democratic People''s Republic of');
INSERT INTO country (id, code, name) VALUES (null, 'KR', 'Korea, Republic of');
INSERT INTO country (id, code, name) VALUES (null, 'XK', 'Kosovo');
INSERT INTO country (id, code, name) VALUES (null, 'KW', 'Kuwait');
INSERT INTO country (id, code, name) VALUES (null, 'KG', 'Kyrgyzstan');
INSERT INTO country (id, code, name) VALUES (null, 'LA', 'Lao People''s Democratic Republic');
INSERT INTO country (id, code, name) VALUES (null, 'LV', 'Latvia');
INSERT INTO country (id, code, name) VALUES (null, 'LB', 'Lebanon');
INSERT INTO country (id, code, name) VALUES (null, 'LS', 'Lesotho');
INSERT INTO country (id, code, name) VALUES (null, 'LR', 'Liberia');
INSERT INTO country (id, code, name) VALUES (null, 'LY', 'Libyan Arab Jamahiriya');
INSERT INTO country (id, code, name) VALUES (null, 'LI', 'Liechtenstein');
INSERT INTO country (id, code, name) VALUES (null, 'LT', 'Lithuania');
INSERT INTO country (id, code, name) VALUES (null, 'LU', 'Luxembourg');
INSERT INTO country (id, code, name) VALUES (null, 'MO', 'Macau');
INSERT INTO country (id, code, name) VALUES (null, 'MK', 'Macedonia');
INSERT INTO country (id, code, name) VALUES (null, 'MG', 'Madagascar');
INSERT INTO country (id, code, name) VALUES (null, 'MW', 'Malawi');
INSERT INTO country (id, code, name) VALUES (null, 'MY', 'Malaysia');
INSERT INTO country (id, code, name) VALUES (null, 'MV', 'Maldives');
INSERT INTO country (id, code, name) VALUES (null, 'ML', 'Mali');
INSERT INTO country (id, code, name) VALUES (null, 'MT', 'Malta');
INSERT INTO country (id, code, name) VALUES (null, 'MH', 'Marshall Islands');
INSERT INTO country (id, code, name) VALUES (null, 'MQ', 'Martinique');
INSERT INTO country (id, code, name) VALUES (null, 'MR', 'Mauritania');
INSERT INTO country (id, code, name) VALUES (null, 'MU', 'Mauritius');
INSERT INTO country (id, code, name) VALUES (null, 'TY', 'Mayotte');
INSERT INTO country (id, code, name) VALUES (null, 'MX', 'Mexico');
INSERT INTO country (id, code, name) VALUES (null, 'FM', 'Micronesia, Federated States of');
INSERT INTO country (id, code, name) VALUES (null, 'MD', 'Moldova, Republic of');
INSERT INTO country (id, code, name) VALUES (null, 'MC', 'Monaco');
INSERT INTO country (id, code, name) VALUES (null, 'MN', 'Mongolia');
INSERT INTO country (id, code, name) VALUES (null, 'ME', 'Montenegro');
INSERT INTO country (id, code, name) VALUES (null, 'MS', 'Montserrat');
INSERT INTO country (id, code, name) VALUES (null, 'MA', 'Morocco');
INSERT INTO country (id, code, name) VALUES (null, 'MZ', 'Mozambique');
INSERT INTO country (id, code, name) VALUES (null, 'MM', 'Myanmar');
INSERT INTO country (id, code, name) VALUES (null, 'NA', 'Namibia');
INSERT INTO country (id, code, name) VALUES (null, 'NR', 'Nauru');
INSERT INTO country (id, code, name) VALUES (null, 'NP', 'Nepal');
INSERT INTO country (id, code, name) VALUES (null, 'NL', 'Netherlands');
INSERT INTO country (id, code, name) VALUES (null, 'AN', 'Netherlands Antilles');
INSERT INTO country (id, code, name) VALUES (null, 'NC', 'New Caledonia');
INSERT INTO country (id, code, name) VALUES (null, 'NZ', 'New Zealand');
INSERT INTO country (id, code, name) VALUES (null, 'NI', 'Nicaragua');
INSERT INTO country (id, code, name) VALUES (null, 'NE', 'Niger');
INSERT INTO country (id, code, name) VALUES (null, 'NG', 'Nigeria');
INSERT INTO country (id, code, name) VALUES (null, 'NU', 'Niue');
INSERT INTO country (id, code, name) VALUES (null, 'NF', 'Norfolk Island');
INSERT INTO country (id, code, name) VALUES (null, 'MP', 'Northern Mariana Islands');
INSERT INTO country (id, code, name) VALUES (null, 'NO', 'Norway');
INSERT INTO country (id, code, name) VALUES (null, 'OM', 'Oman');
INSERT INTO country (id, code, name) VALUES (null, 'PK', 'Pakistan');
INSERT INTO country (id, code, name) VALUES (null, 'PW', 'Palau');
INSERT INTO country (id, code, name) VALUES (null, 'PS', 'Palestine');
INSERT INTO country (id, code, name) VALUES (null, 'PA', 'Panama');
INSERT INTO country (id, code, name) VALUES (null, 'PG', 'Papua New Guinea');
INSERT INTO country (id, code, name) VALUES (null, 'PY', 'Paraguay');
INSERT INTO country (id, code, name) VALUES (null, 'PE', 'Peru');
INSERT INTO country (id, code, name) VALUES (null, 'PH', 'Philippines');
INSERT INTO country (id, code, name) VALUES (null, 'PN', 'Pitcairn');
INSERT INTO country (id, code, name) VALUES (null, 'PL', 'Poland');
INSERT INTO country (id, code, name) VALUES (null, 'PT', 'Portugal');
INSERT INTO country (id, code, name) VALUES (null, 'PR', 'Puerto Rico');
INSERT INTO country (id, code, name) VALUES (null, 'QA', 'Qatar');
INSERT INTO country (id, code, name) VALUES (null, 'RE', 'Reunion');
INSERT INTO country (id, code, name) VALUES (null, 'RO', 'Romania');
INSERT INTO country (id, code, name) VALUES (null, 'RU', 'Russian Federation');
INSERT INTO country (id, code, name) VALUES (null, 'RW', 'Rwanda');
INSERT INTO country (id, code, name) VALUES (null, 'KN', 'Saint Kitts and Nevis');
INSERT INTO country (id, code, name) VALUES (null, 'LC', 'Saint Lucia');
INSERT INTO country (id, code, name) VALUES (null, 'VC', 'Saint Vincent and the Grenadines');
INSERT INTO country (id, code, name) VALUES (null, 'WS', 'Samoa');
INSERT INTO country (id, code, name) VALUES (null, 'SM', 'San Marino');
INSERT INTO country (id, code, name) VALUES (null, 'ST', 'Sao Tome and Principe');
INSERT INTO country (id, code, name) VALUES (null, 'SA', 'Saudi Arabia');
INSERT INTO country (id, code, name) VALUES (null, 'SN', 'Senegal');
INSERT INTO country (id, code, name) VALUES (null, 'RS', 'Serbia');
INSERT INTO country (id, code, name) VALUES (null, 'SC', 'Seychelles');
INSERT INTO country (id, code, name) VALUES (null, 'SL', 'Sierra Leone');
INSERT INTO country (id, code, name) VALUES (null, 'SG', 'Singapore');
INSERT INTO country (id, code, name) VALUES (null, 'SK', 'Slovakia');
INSERT INTO country (id, code, name) VALUES (null, 'SI', 'Slovenia');
INSERT INTO country (id, code, name) VALUES (null, 'SB', 'Solomon Islands');
INSERT INTO country (id, code, name) VALUES (null, 'SO', 'Somalia');
INSERT INTO country (id, code, name) VALUES (null, 'ZA', 'South Africa');
INSERT INTO country (id, code, name) VALUES (null, 'GS', 'South Georgia South Sandwich Islands');
INSERT INTO country (id, code, name) VALUES (null, 'ES', 'Spain');
INSERT INTO country (id, code, name) VALUES (null, 'LK', 'Sri Lanka');
INSERT INTO country (id, code, name) VALUES (null, 'SH', 'St. Helena');
INSERT INTO country (id, code, name) VALUES (null, 'PM', 'St. Pierre and Miquelon');
INSERT INTO country (id, code, name) VALUES (null, 'SD', 'Sudan');
INSERT INTO country (id, code, name) VALUES (null, 'SR', 'Suriname');
INSERT INTO country (id, code, name) VALUES (null, 'SJ', 'Svalbard and Jan Mayen Islands');
INSERT INTO country (id, code, name) VALUES (null, 'SZ', 'Swaziland');
INSERT INTO country (id, code, name) VALUES (null, 'SE', 'Sweden');
INSERT INTO country (id, code, name) VALUES (null, 'CH', 'Switzerland');
INSERT INTO country (id, code, name) VALUES (null, 'SY', 'Syrian Arab Republic');
INSERT INTO country (id, code, name) VALUES (null, 'TW', 'Taiwan');
INSERT INTO country (id, code, name) VALUES (null, 'TJ', 'Tajikistan');
INSERT INTO country (id, code, name) VALUES (null, 'TZ', 'Tanzania, United Republic of');
INSERT INTO country (id, code, name) VALUES (null, 'TH', 'Thailand');
INSERT INTO country (id, code, name) VALUES (null, 'TG', 'Togo');
INSERT INTO country (id, code, name) VALUES (null, 'TK', 'Tokelau');
INSERT INTO country (id, code, name) VALUES (null, 'TO', 'Tonga');
INSERT INTO country (id, code, name) VALUES (null, 'TT', 'Trinidad and Tobago');
INSERT INTO country (id, code, name) VALUES (null, 'TN', 'Tunisia');
INSERT INTO country (id, code, name) VALUES (null, 'TR', 'Turkey');
INSERT INTO country (id, code, name) VALUES (null, 'TM', 'Turkmenistan');
INSERT INTO country (id, code, name) VALUES (null, 'TC', 'Turks and Caicos Islands');
INSERT INTO country (id, code, name) VALUES (null, 'TV', 'Tuvalu');
INSERT INTO country (id, code, name) VALUES (null, 'UG', 'Uganda');
INSERT INTO country (id, code, name) VALUES (null, 'UA', 'Ukraine');
INSERT INTO country (id, code, name) VALUES (null, 'AE', 'United Arab Emirates');
INSERT INTO country (id, code, name) VALUES (null, 'GB', 'United Kingdom');
INSERT INTO country (id, code, name) VALUES (null, 'US', 'United States');
INSERT INTO country (id, code, name) VALUES (null, 'UM', 'United States minor outlying islands');
INSERT INTO country (id, code, name) VALUES (null, 'UY', 'Uruguay');
INSERT INTO country (id, code, name) VALUES (null, 'UZ', 'Uzbekistan');
INSERT INTO country (id, code, name) VALUES (null, 'VU', 'Vanuatu');
INSERT INTO country (id, code, name) VALUES (null, 'VA', 'Vatican City State');
INSERT INTO country (id, code, name) VALUES (null, 'VE', 'Venezuela');
INSERT INTO country (id, code, name) VALUES (null, 'VN', 'Vietnam');
INSERT INTO country (id, code, name) VALUES (null, 'VG', 'Virgin Islands (British)');
INSERT INTO country (id, code, name) VALUES (null, 'VI', 'Virgin Islands (U.S.)');
INSERT INTO country (id, code, name) VALUES (null, 'WF', 'Wallis and Futuna Islands');
INSERT INTO country (id, code, name) VALUES (null, 'EH', 'Western Sahara');
INSERT INTO country (id, code, name) VALUES (null, 'YE', 'Yemen');
INSERT INTO country (id, code, name) VALUES (null, 'YU', 'Yugoslavia');
INSERT INTO country (id, code, name) VALUES (null, 'ZR', 'Zaire');
INSERT INTO country (id, code, name) VALUES (null, 'ZM', 'Zambia');
INSERT INTO country (id, code, name) VALUES (null, 'ZW', 'Zimbabwe');

INSERT INTO language (id, code, name) VALUES (1,'en','English');
INSERT INTO language (id, code, name) VALUES (2,'aa','Afar');
INSERT INTO language (id, code, name) VALUES (3,'ab','Abkhazian');
INSERT INTO language (id, code, name) VALUES (4,'af','Afrikaans');
INSERT INTO language (id, code, name) VALUES (5,'am','Amharic');
INSERT INTO language (id, code, name) VALUES (6,'ar','Arabic');
INSERT INTO language (id, code, name) VALUES (7,'as','Assamese');
INSERT INTO language (id, code, name) VALUES (8,'ay','Aymara');
INSERT INTO language (id, code, name) VALUES (9,'az','Azerbaijani');
INSERT INTO language (id, code, name) VALUES (10,'ba','Bashkir');
INSERT INTO language (id, code, name) VALUES (11,'be','Belarusian');
INSERT INTO language (id, code, name) VALUES (12,'bg','Bulgarian');
INSERT INTO language (id, code, name) VALUES (13,'bh','Bihari');
INSERT INTO language (id, code, name) VALUES (14,'bi','Bislama');
INSERT INTO language (id, code, name) VALUES (15,'bn','Bengali/Bangla');
INSERT INTO language (id, code, name) VALUES (16,'bo','Tibetan');
INSERT INTO language (id, code, name) VALUES (17,'br','Breton');
INSERT INTO language (id, code, name) VALUES (18,'ca','Catalan');
INSERT INTO language (id, code, name) VALUES (19,'co','Corsican');
INSERT INTO language (id, code, name) VALUES (20,'cs','Czech');
INSERT INTO language (id, code, name) VALUES (21,'cy','Welsh');
INSERT INTO language (id, code, name) VALUES (22,'da','Danish');
INSERT INTO language (id, code, name) VALUES (23,'de','German');
INSERT INTO language (id, code, name) VALUES (24,'dz','Bhutani');
INSERT INTO language (id, code, name) VALUES (25,'el','Greek');
INSERT INTO language (id, code, name) VALUES (26,'eo','Esperanto');
INSERT INTO language (id, code, name) VALUES (27,'es','Spanish');
INSERT INTO language (id, code, name) VALUES (28,'et','Estonian');
INSERT INTO language (id, code, name) VALUES (29,'eu','Basque');
INSERT INTO language (id, code, name) VALUES (30,'fa','Persian');
INSERT INTO language (id, code, name) VALUES (31,'fi','Finnish');
INSERT INTO language (id, code, name) VALUES (32,'fj','Fiji');
INSERT INTO language (id, code, name) VALUES (33,'fo','Faeroese');
INSERT INTO language (id, code, name) VALUES (34,'fr','French');
INSERT INTO language (id, code, name) VALUES (35,'fy','Frisian');
INSERT INTO language (id, code, name) VALUES (36,'ga','Irish');
INSERT INTO language (id, code, name) VALUES (37,'gd','Scots/Gaelic');
INSERT INTO language (id, code, name) VALUES (38,'gl','Galician');
INSERT INTO language (id, code, name) VALUES (39,'gn','Guarani');
INSERT INTO language (id, code, name) VALUES (40,'gu','Gujarati');
INSERT INTO language (id, code, name) VALUES (41,'ha','Hausa');
INSERT INTO language (id, code, name) VALUES (42,'hi','Hindi');
INSERT INTO language (id, code, name) VALUES (43,'hr','Croatian');
INSERT INTO language (id, code, name) VALUES (44,'hu','Hungarian');
INSERT INTO language (id, code, name) VALUES (45,'hy','Armenian');
INSERT INTO language (id, code, name) VALUES (46,'ia','Interlingua');
INSERT INTO language (id, code, name) VALUES (47,'ie','Interlingue');
INSERT INTO language (id, code, name) VALUES (48,'ik','Inupiak');
INSERT INTO language (id, code, name) VALUES (49,'in','Indonesian');
INSERT INTO language (id, code, name) VALUES (50,'is','Icelandic');
INSERT INTO language (id, code, name) VALUES (51,'it','Italian');
INSERT INTO language (id, code, name) VALUES (52,'iw','Hebrew');
INSERT INTO language (id, code, name) VALUES (53,'ja','Japanese');
INSERT INTO language (id, code, name) VALUES (54,'ji','Yiddish');
INSERT INTO language (id, code, name) VALUES (55,'jw','Javanese');
INSERT INTO language (id, code, name) VALUES (56,'ka','Georgian');
INSERT INTO language (id, code, name) VALUES (57,'kk','Kazakh');
INSERT INTO language (id, code, name) VALUES (58,'kl','Greenlandic');
INSERT INTO language (id, code, name) VALUES (59,'km','Cambodian');
INSERT INTO language (id, code, name) VALUES (60,'kn','Kannada');
INSERT INTO language (id, code, name) VALUES (61,'ko','Korean');
INSERT INTO language (id, code, name) VALUES (62,'ks','Kashmiri');
INSERT INTO language (id, code, name) VALUES (63,'ku','Kurdish');
INSERT INTO language (id, code, name) VALUES (64,'ky','Kirghiz');
INSERT INTO language (id, code, name) VALUES (65,'la','Latin');
INSERT INTO language (id, code, name) VALUES (66,'ln','Lingala');
INSERT INTO language (id, code, name) VALUES (67,'lo','Laothian');
INSERT INTO language (id, code, name) VALUES (68,'lt','Lithuanian');
INSERT INTO language (id, code, name) VALUES (69,'lv','Latvian/Lettish');
INSERT INTO language (id, code, name) VALUES (70,'mg','Malagasy');
INSERT INTO language (id, code, name) VALUES (71,'mi','Maori');
INSERT INTO language (id, code, name) VALUES (72,'mk','Macedonian');
INSERT INTO language (id, code, name) VALUES (73,'ml','Malayalam');
INSERT INTO language (id, code, name) VALUES (74,'mn','Mongolian');
INSERT INTO language (id, code, name) VALUES (75,'mo','Moldavian');
INSERT INTO language (id, code, name) VALUES (76,'mr','Marathi');
INSERT INTO language (id, code, name) VALUES (77,'ms','Malay');
INSERT INTO language (id, code, name) VALUES (78,'mt','Maltese');
INSERT INTO language (id, code, name) VALUES (79,'my','Burmese');
INSERT INTO language (id, code, name) VALUES (80,'na','Nauru');
INSERT INTO language (id, code, name) VALUES (81,'ne','Nepali');
INSERT INTO language (id, code, name) VALUES (82,'nl','Dutch');
INSERT INTO language (id, code, name) VALUES (83,'no','Norwegian');
INSERT INTO language (id, code, name) VALUES (84,'oc','Occitan');
INSERT INTO language (id, code, name) VALUES (85,'om','(Afan)/Oromoor/Oriya');
INSERT INTO language (id, code, name) VALUES (86,'pa','Punjabi');
INSERT INTO language (id, code, name) VALUES (87,'pl','Polish');
INSERT INTO language (id, code, name) VALUES (88,'ps','Pashto/Pushto');
INSERT INTO language (id, code, name) VALUES (89,'pt','Portuguese');
INSERT INTO language (id, code, name) VALUES (90,'qu','Quechua');
INSERT INTO language (id, code, name) VALUES (91,'rm','Rhaeto-Romance');
INSERT INTO language (id, code, name) VALUES (92,'rn','Kirundi');
INSERT INTO language (id, code, name) VALUES (93,'ro','Romanian');
INSERT INTO language (id, code, name) VALUES (94,'ru','Russian');
INSERT INTO language (id, code, name) VALUES (95,'rw','Kinyarwanda');
INSERT INTO language (id, code, name) VALUES (96,'sa','Sanskrit');
INSERT INTO language (id, code, name) VALUES (97,'sd','Sindhi');
INSERT INTO language (id, code, name) VALUES (98,'sg','Sangro');
INSERT INTO language (id, code, name) VALUES (99,'sh','Serbo-Croatian');
INSERT INTO language (id, code, name) VALUES (100,'si','Singhalese');
INSERT INTO language (id, code, name) VALUES (101,'sk','Slovak');
INSERT INTO language (id, code, name) VALUES (102,'sl','Slovenian');
INSERT INTO language (id, code, name) VALUES (103,'sm','Samoan');
INSERT INTO language (id, code, name) VALUES (104,'sn','Shona');
INSERT INTO language (id, code, name) VALUES (105,'so','Somali');
INSERT INTO language (id, code, name) VALUES (106,'sq','Albanian');
INSERT INTO language (id, code, name) VALUES (107,'sr','Serbian');
INSERT INTO language (id, code, name) VALUES (108,'ss','Siswati');
INSERT INTO language (id, code, name) VALUES (109,'st','Sesotho');
INSERT INTO language (id, code, name) VALUES (110,'su','Sundanese');
INSERT INTO language (id, code, name) VALUES (111,'sv','Swedish');
INSERT INTO language (id, code, name) VALUES (112,'sw','Swahili');
INSERT INTO language (id, code, name) VALUES (113,'ta','Tamil');
INSERT INTO language (id, code, name) VALUES (114,'te','Telugu');
INSERT INTO language (id, code, name) VALUES (115,'tg','Tajik');
INSERT INTO language (id, code, name) VALUES (116,'th','Thai');
INSERT INTO language (id, code, name) VALUES (117,'ti','Tigrinya');
INSERT INTO language (id, code, name) VALUES (118,'tk','Turkmen');
INSERT INTO language (id, code, name) VALUES (119,'tl','Tagalog');
INSERT INTO language (id, code, name) VALUES (120,'tn','Setswana');
INSERT INTO language (id, code, name) VALUES (121,'to','Tonga');
INSERT INTO language (id, code, name) VALUES (122,'tr','Turkish');
INSERT INTO language (id, code, name) VALUES (123,'ts','Tsonga');
INSERT INTO language (id, code, name) VALUES (124,'tt','Tatar');
INSERT INTO language (id, code, name) VALUES (125,'tw','Twi');
INSERT INTO language (id, code, name) VALUES (126,'uk','Ukrainian');
INSERT INTO language (id, code, name) VALUES (127,'ur','Urdu');
INSERT INTO language (id, code, name) VALUES (128,'uz','Uzbek');
INSERT INTO language (id, code, name) VALUES (129,'vi','Vietnamese');
INSERT INTO language (id, code, name) VALUES (130,'vo','Volapuk');
INSERT INTO language (id, code, name) VALUES (131,'wo','Wolof');
INSERT INTO language (id, code, name) VALUES (132,'xh','Xhosa');
INSERT INTO language (id, code, name) VALUES (133,'yo','Yoruba');
INSERT INTO language (id, code, name) VALUES (134,'zh','Chinese');
INSERT INTO language (id, code, name) VALUES (135,'zu','Zulu');

INSERT INTO country (id, code, name) VALUES (null, 'AF', 'Afghanistan');
INSERT INTO country (id, code, name) VALUES (null, 'AL', 'Albania');
INSERT INTO country (id, code, name) VALUES (null, 'DZ', 'Algeria');
INSERT INTO country (id, code, name) VALUES (null, 'DS', 'American Samoa');
INSERT INTO country (id, code, name) VALUES (null, 'AD', 'Andorra');
INSERT INTO country (id, code, name) VALUES (null, 'AO', 'Angola');
INSERT INTO country (id, code, name) VALUES (null, 'AI', 'Anguilla');
INSERT INTO country (id, code, name) VALUES (null, 'AQ', 'Antarctica');
INSERT INTO country (id, code, name) VALUES (null, 'AG', 'Antigua and Barbuda');
INSERT INTO country (id, code, name) VALUES (null, 'AR', 'Argentina');
INSERT INTO country (id, code, name) VALUES (null, 'AM', 'Armenia');
INSERT INTO country (id, code, name) VALUES (null, 'AW', 'Aruba');
INSERT INTO country (id, code, name) VALUES (null, 'AU', 'Australia');
INSERT INTO country (id, code, name) VALUES (null, 'AT', 'Austria');
INSERT INTO country (id, code, name) VALUES (null, 'AZ', 'Azerbaijan');
INSERT INTO country (id, code, name) VALUES (null, 'BS', 'Bahamas');
INSERT INTO country (id, code, name) VALUES (null, 'BH', 'Bahrain');
INSERT INTO country (id, code, name) VALUES (null, 'BD', 'Bangladesh');
INSERT INTO country (id, code, name) VALUES (null, 'BB', 'Barbados');
INSERT INTO country (id, code, name) VALUES (null, 'BY', 'Belarus');
INSERT INTO country (id, code, name) VALUES (null, 'BE', 'Belgium');
INSERT INTO country (id, code, name) VALUES (null, 'BZ', 'Belize');
INSERT INTO country (id, code, name) VALUES (null, 'BJ', 'Benin');
INSERT INTO country (id, code, name) VALUES (null, 'BM', 'Bermuda');
INSERT INTO country (id, code, name) VALUES (null, 'BT', 'Bhutan');
INSERT INTO country (id, code, name) VALUES (null, 'BO', 'Bolivia');
INSERT INTO country (id, code, name) VALUES (null, 'BA', 'Bosnia and Herzegovina');
INSERT INTO country (id, code, name) VALUES (null, 'BW', 'Botswana');
INSERT INTO country (id, code, name) VALUES (null, 'BV', 'Bouvet Island');
INSERT INTO country (id, code, name) VALUES (null, 'BR', 'Brazil');
INSERT INTO country (id, code, name) VALUES (null, 'IO', 'British Indian Ocean Territory');
INSERT INTO country (id, code, name) VALUES (null, 'BN', 'Brunei Darussalam');
INSERT INTO country (id, code, name) VALUES (null, 'BG', 'Bulgaria');
INSERT INTO country (id, code, name) VALUES (null, 'BF', 'Burkina Faso');
INSERT INTO country (id, code, name) VALUES (null, 'BI', 'Burundi');
INSERT INTO country (id, code, name) VALUES (null, 'KH', 'Cambodia');
INSERT INTO country (id, code, name) VALUES (null, 'CM', 'Cameroon');
INSERT INTO country (id, code, name) VALUES (null, 'CA', 'Canada');
INSERT INTO country (id, code, name) VALUES (null, 'CV', 'Cape Verde');
INSERT INTO country (id, code, name) VALUES (null, 'KY', 'Cayman Islands');
INSERT INTO country (id, code, name) VALUES (null, 'CF', 'Central African Republic');
INSERT INTO country (id, code, name) VALUES (null, 'TD', 'Chad');
INSERT INTO country (id, code, name) VALUES (null, 'CL', 'Chile');
INSERT INTO country (id, code, name) VALUES (null, 'CN', 'China');
INSERT INTO country (id, code, name) VALUES (null, 'CX', 'Christmas Island');
INSERT INTO country (id, code, name) VALUES (null, 'CC', 'Cocos (Keeling) Islands');
INSERT INTO country (id, code, name) VALUES (null, 'CO', 'Colombia');
INSERT INTO country (id, code, name) VALUES (null, 'KM', 'Comoros');
INSERT INTO country (id, code, name) VALUES (null, 'CG', 'Congo');
INSERT INTO country (id, code, name) VALUES (null, 'CK', 'Cook Islands');
INSERT INTO country (id, code, name) VALUES (null, 'CR', 'Costa Rica');
INSERT INTO country (id, code, name) VALUES (null, 'HR', 'Croatia (Hrvatska)');
INSERT INTO country (id, code, name) VALUES (null, 'CU', 'Cuba');
INSERT INTO country (id, code, name) VALUES (null, 'CY', 'Cyprus');
INSERT INTO country (id, code, name) VALUES (null, 'CZ', 'Czech Republic');
INSERT INTO country (id, code, name) VALUES (null, 'DK', 'Denmark');
INSERT INTO country (id, code, name) VALUES (null, 'DJ', 'Djibouti');
INSERT INTO country (id, code, name) VALUES (null, 'DM', 'Dominica');
INSERT INTO country (id, code, name) VALUES (null, 'DO', 'Dominican Republic');
INSERT INTO country (id, code, name) VALUES (null, 'TP', 'East Timor');
INSERT INTO country (id, code, name) VALUES (null, 'EC', 'Ecuador');
INSERT INTO country (id, code, name) VALUES (null, 'EG', 'Egypt');
INSERT INTO country (id, code, name) VALUES (null, 'SV', 'El Salvador');
INSERT INTO country (id, code, name) VALUES (null, 'GQ', 'Equatorial Guinea');
INSERT INTO country (id, code, name) VALUES (null, 'ER', 'Eritrea');
INSERT INTO country (id, code, name) VALUES (null, 'EE', 'Estonia');
INSERT INTO country (id, code, name) VALUES (null, 'ET', 'Ethiopia');
INSERT INTO country (id, code, name) VALUES (null, 'FK', 'Falkland Islands (Malvinas)');
INSERT INTO country (id, code, name) VALUES (null, 'FO', 'Faroe Islands');
INSERT INTO country (id, code, name) VALUES (null, 'FJ', 'Fiji');
INSERT INTO country (id, code, name) VALUES (null, 'FI', 'Finland');
INSERT INTO country (id, code, name) VALUES (null, 'FR', 'France');
INSERT INTO country (id, code, name) VALUES (null, 'FX', 'France, Metropolitan');
INSERT INTO country (id, code, name) VALUES (null, 'GF', 'French Guiana');
INSERT INTO country (id, code, name) VALUES (null, 'PF', 'French Polynesia');
INSERT INTO country (id, code, name) VALUES (null, 'TF', 'French Southern Territories');
INSERT INTO country (id, code, name) VALUES (null, 'GA', 'Gabon');
INSERT INTO country (id, code, name) VALUES (null, 'GM', 'Gambia');
INSERT INTO country (id, code, name) VALUES (null, 'GE', 'Georgia');
INSERT INTO country (id, code, name) VALUES (null, 'DE', 'Germany');
INSERT INTO country (id, code, name) VALUES (null, 'GH', 'Ghana');
INSERT INTO country (id, code, name) VALUES (null, 'GI', 'Gibraltar');
INSERT INTO country (id, code, name) VALUES (null, 'GK', 'Guernsey');
INSERT INTO country (id, code, name) VALUES (null, 'GR', 'Greece');
INSERT INTO country (id, code, name) VALUES (null, 'GL', 'Greenland');
INSERT INTO country (id, code, name) VALUES (null, 'GD', 'Grenada');
INSERT INTO country (id, code, name) VALUES (null, 'GP', 'Guadeloupe');
INSERT INTO country (id, code, name) VALUES (null, 'GU', 'Guam');
INSERT INTO country (id, code, name) VALUES (null, 'GT', 'Guatemala');
INSERT INTO country (id, code, name) VALUES (null, 'GN', 'Guinea');
INSERT INTO country (id, code, name) VALUES (null, 'GW', 'Guinea-Bissau');
INSERT INTO country (id, code, name) VALUES (null, 'GY', 'Guyana');
INSERT INTO country (id, code, name) VALUES (null, 'HT', 'Haiti');
INSERT INTO country (id, code, name) VALUES (null, 'HM', 'Heard and Mc Donald Islands');
INSERT INTO country (id, code, name) VALUES (null, 'HN', 'Honduras');
INSERT INTO country (id, code, name) VALUES (null, 'HK', 'Hong Kong');
INSERT INTO country (id, code, name) VALUES (null, 'HU', 'Hungary');
INSERT INTO country (id, code, name) VALUES (null, 'IS', 'Iceland');
INSERT INTO country (id, code, name) VALUES (null, 'IN', 'India');
INSERT INTO country (id, code, name) VALUES (null, 'IM', 'Isle of Man');
INSERT INTO country (id, code, name) VALUES (null, 'ID', 'Indonesia');
INSERT INTO country (id, code, name) VALUES (null, 'IR', 'Iran (Islamic Republic of)');
INSERT INTO country (id, code, name) VALUES (null, 'IQ', 'Iraq');
INSERT INTO country (id, code, name) VALUES (null, 'IE', 'Ireland');
INSERT INTO country (id, code, name) VALUES (null, 'IL', 'Israel');
INSERT INTO country (id, code, name) VALUES (null, 'IT', 'Italy');
INSERT INTO country (id, code, name) VALUES (null, 'CI', 'Ivory Coast');
INSERT INTO country (id, code, name) VALUES (null, 'JE', 'Jersey');
INSERT INTO country (id, code, name) VALUES (null, 'JM', 'Jamaica');
INSERT INTO country (id, code, name) VALUES (null, 'JP', 'Japan');
INSERT INTO country (id, code, name) VALUES (null, 'JO', 'Jordan');
INSERT INTO country (id, code, name) VALUES (null, 'KZ', 'Kazakhstan');
INSERT INTO country (id, code, name) VALUES (null, 'KE', 'Kenya');
INSERT INTO country (id, code, name) VALUES (null, 'KI', 'Kiribati');
INSERT INTO country (id, code, name) VALUES (null, 'KP', 'Korea, Democratic People''s Republic of');
INSERT INTO country (id, code, name) VALUES (null, 'KR', 'Korea, Republic of');
INSERT INTO country (id, code, name) VALUES (null, 'XK', 'Kosovo');
INSERT INTO country (id, code, name) VALUES (null, 'KW', 'Kuwait');
INSERT INTO country (id, code, name) VALUES (null, 'KG', 'Kyrgyzstan');
INSERT INTO country (id, code, name) VALUES (null, 'LA', 'Lao People''s Democratic Republic');
INSERT INTO country (id, code, name) VALUES (null, 'LV', 'Latvia');
INSERT INTO country (id, code, name) VALUES (null, 'LB', 'Lebanon');
INSERT INTO country (id, code, name) VALUES (null, 'LS', 'Lesotho');
INSERT INTO country (id, code, name) VALUES (null, 'LR', 'Liberia');
INSERT INTO country (id, code, name) VALUES (null, 'LY', 'Libyan Arab Jamahiriya');
INSERT INTO country (id, code, name) VALUES (null, 'LI', 'Liechtenstein');
INSERT INTO country (id, code, name) VALUES (null, 'LT', 'Lithuania');
INSERT INTO country (id, code, name) VALUES (null, 'LU', 'Luxembourg');
INSERT INTO country (id, code, name) VALUES (null, 'MO', 'Macau');
INSERT INTO country (id, code, name) VALUES (null, 'MK', 'Macedonia');
INSERT INTO country (id, code, name) VALUES (null, 'MG', 'Madagascar');
INSERT INTO country (id, code, name) VALUES (null, 'MW', 'Malawi');
INSERT INTO country (id, code, name) VALUES (null, 'MY', 'Malaysia');
INSERT INTO country (id, code, name) VALUES (null, 'MV', 'Maldives');
INSERT INTO country (id, code, name) VALUES (null, 'ML', 'Mali');
INSERT INTO country (id, code, name) VALUES (null, 'MT', 'Malta');
INSERT INTO country (id, code, name) VALUES (null, 'MH', 'Marshall Islands');
INSERT INTO country (id, code, name) VALUES (null, 'MQ', 'Martinique');
INSERT INTO country (id, code, name) VALUES (null, 'MR', 'Mauritania');
INSERT INTO country (id, code, name) VALUES (null, 'MU', 'Mauritius');
INSERT INTO country (id, code, name) VALUES (null, 'TY', 'Mayotte');
INSERT INTO country (id, code, name) VALUES (null, 'MX', 'Mexico');
INSERT INTO country (id, code, name) VALUES (null, 'FM', 'Micronesia, Federated States of');
INSERT INTO country (id, code, name) VALUES (null, 'MD', 'Moldova, Republic of');
INSERT INTO country (id, code, name) VALUES (null, 'MC', 'Monaco');
INSERT INTO country (id, code, name) VALUES (null, 'MN', 'Mongolia');
INSERT INTO country (id, code, name) VALUES (null, 'ME', 'Montenegro');
INSERT INTO country (id, code, name) VALUES (null, 'MS', 'Montserrat');
INSERT INTO country (id, code, name) VALUES (null, 'MA', 'Morocco');
INSERT INTO country (id, code, name) VALUES (null, 'MZ', 'Mozambique');
INSERT INTO country (id, code, name) VALUES (null, 'MM', 'Myanmar');
INSERT INTO country (id, code, name) VALUES (null, 'NA', 'Namibia');
INSERT INTO country (id, code, name) VALUES (null, 'NR', 'Nauru');
INSERT INTO country (id, code, name) VALUES (null, 'NP', 'Nepal');
INSERT INTO country (id, code, name) VALUES (null, 'NL', 'Netherlands');
INSERT INTO country (id, code, name) VALUES (null, 'AN', 'Netherlands Antilles');
INSERT INTO country (id, code, name) VALUES (null, 'NC', 'New Caledonia');
INSERT INTO country (id, code, name) VALUES (null, 'NZ', 'New Zealand');
INSERT INTO country (id, code, name) VALUES (null, 'NI', 'Nicaragua');
INSERT INTO country (id, code, name) VALUES (null, 'NE', 'Niger');
INSERT INTO country (id, code, name) VALUES (null, 'NG', 'Nigeria');
INSERT INTO country (id, code, name) VALUES (null, 'NU', 'Niue');
INSERT INTO country (id, code, name) VALUES (null, 'NF', 'Norfolk Island');
INSERT INTO country (id, code, name) VALUES (null, 'MP', 'Northern Mariana Islands');
INSERT INTO country (id, code, name) VALUES (null, 'NO', 'Norway');
INSERT INTO country (id, code, name) VALUES (null, 'OM', 'Oman');
INSERT INTO country (id, code, name) VALUES (null, 'PK', 'Pakistan');
INSERT INTO country (id, code, name) VALUES (null, 'PW', 'Palau');
INSERT INTO country (id, code, name) VALUES (null, 'PS', 'Palestine');
INSERT INTO country (id, code, name) VALUES (null, 'PA', 'Panama');
INSERT INTO country (id, code, name) VALUES (null, 'PG', 'Papua New Guinea');
INSERT INTO country (id, code, name) VALUES (null, 'PY', 'Paraguay');
INSERT INTO country (id, code, name) VALUES (null, 'PE', 'Peru');
INSERT INTO country (id, code, name) VALUES (null, 'PH', 'Philippines');
INSERT INTO country (id, code, name) VALUES (null, 'PN', 'Pitcairn');
INSERT INTO country (id, code, name) VALUES (null, 'PL', 'Poland');
INSERT INTO country (id, code, name) VALUES (null, 'PT', 'Portugal');
INSERT INTO country (id, code, name) VALUES (null, 'PR', 'Puerto Rico');
INSERT INTO country (id, code, name) VALUES (null, 'QA', 'Qatar');
INSERT INTO country (id, code, name) VALUES (null, 'RE', 'Reunion');
INSERT INTO country (id, code, name) VALUES (null, 'RO', 'Romania');
INSERT INTO country (id, code, name) VALUES (null, 'RU', 'Russian Federation');
INSERT INTO country (id, code, name) VALUES (null, 'RW', 'Rwanda');
INSERT INTO country (id, code, name) VALUES (null, 'KN', 'Saint Kitts and Nevis');
INSERT INTO country (id, code, name) VALUES (null, 'LC', 'Saint Lucia');
INSERT INTO country (id, code, name) VALUES (null, 'VC', 'Saint Vincent and the Grenadines');
INSERT INTO country (id, code, name) VALUES (null, 'WS', 'Samoa');
INSERT INTO country (id, code, name) VALUES (null, 'SM', 'San Marino');
INSERT INTO country (id, code, name) VALUES (null, 'ST', 'Sao Tome and Principe');
INSERT INTO country (id, code, name) VALUES (null, 'SA', 'Saudi Arabia');
INSERT INTO country (id, code, name) VALUES (null, 'SN', 'Senegal');
INSERT INTO country (id, code, name) VALUES (null, 'RS', 'Serbia');
INSERT INTO country (id, code, name) VALUES (null, 'SC', 'Seychelles');
INSERT INTO country (id, code, name) VALUES (null, 'SL', 'Sierra Leone');
INSERT INTO country (id, code, name) VALUES (null, 'SG', 'Singapore');
INSERT INTO country (id, code, name) VALUES (null, 'SK', 'Slovakia');
INSERT INTO country (id, code, name) VALUES (null, 'SI', 'Slovenia');
INSERT INTO country (id, code, name) VALUES (null, 'SB', 'Solomon Islands');
INSERT INTO country (id, code, name) VALUES (null, 'SO', 'Somalia');
INSERT INTO country (id, code, name) VALUES (null, 'ZA', 'South Africa');
INSERT INTO country (id, code, name) VALUES (null, 'GS', 'South Georgia South Sandwich Islands');
INSERT INTO country (id, code, name) VALUES (null, 'ES', 'Spain');
INSERT INTO country (id, code, name) VALUES (null, 'LK', 'Sri Lanka');
INSERT INTO country (id, code, name) VALUES (null, 'SH', 'St. Helena');
INSERT INTO country (id, code, name) VALUES (null, 'PM', 'St. Pierre and Miquelon');
INSERT INTO country (id, code, name) VALUES (null, 'SD', 'Sudan');
INSERT INTO country (id, code, name) VALUES (null, 'SR', 'Suriname');
INSERT INTO country (id, code, name) VALUES (null, 'SJ', 'Svalbard and Jan Mayen Islands');
INSERT INTO country (id, code, name) VALUES (null, 'SZ', 'Swaziland');
INSERT INTO country (id, code, name) VALUES (null, 'SE', 'Sweden');
INSERT INTO country (id, code, name) VALUES (null, 'CH', 'Switzerland');
INSERT INTO country (id, code, name) VALUES (null, 'SY', 'Syrian Arab Republic');
INSERT INTO country (id, code, name) VALUES (null, 'TW', 'Taiwan');
INSERT INTO country (id, code, name) VALUES (null, 'TJ', 'Tajikistan');
INSERT INTO country (id, code, name) VALUES (null, 'TZ', 'Tanzania, United Republic of');
INSERT INTO country (id, code, name) VALUES (null, 'TH', 'Thailand');
INSERT INTO country (id, code, name) VALUES (null, 'TG', 'Togo');
INSERT INTO country (id, code, name) VALUES (null, 'TK', 'Tokelau');
INSERT INTO country (id, code, name) VALUES (null, 'TO', 'Tonga');
INSERT INTO country (id, code, name) VALUES (null, 'TT', 'Trinidad and Tobago');
INSERT INTO country (id, code, name) VALUES (null, 'TN', 'Tunisia');
INSERT INTO country (id, code, name) VALUES (null, 'TR', 'Turkey');
INSERT INTO country (id, code, name) VALUES (null, 'TM', 'Turkmenistan');
INSERT INTO country (id, code, name) VALUES (null, 'TC', 'Turks and Caicos Islands');
INSERT INTO country (id, code, name) VALUES (null, 'TV', 'Tuvalu');
INSERT INTO country (id, code, name) VALUES (null, 'UG', 'Uganda');
INSERT INTO country (id, code, name) VALUES (null, 'UA', 'Ukraine');
INSERT INTO country (id, code, name) VALUES (null, 'AE', 'United Arab Emirates');
INSERT INTO country (id, code, name) VALUES (null, 'GB', 'United Kingdom');
INSERT INTO country (id, code, name) VALUES (null, 'US', 'United States');
INSERT INTO country (id, code, name) VALUES (null, 'UM', 'United States minor outlying islands');
INSERT INTO country (id, code, name) VALUES (null, 'UY', 'Uruguay');
INSERT INTO country (id, code, name) VALUES (null, 'UZ', 'Uzbekistan');
INSERT INTO country (id, code, name) VALUES (null, 'VU', 'Vanuatu');
INSERT INTO country (id, code, name) VALUES (null, 'VA', 'Vatican City State');
INSERT INTO country (id, code, name) VALUES (null, 'VE', 'Venezuela');
INSERT INTO country (id, code, name) VALUES (null, 'VN', 'Vietnam');
INSERT INTO country (id, code, name) VALUES (null, 'VG', 'Virgin Islands (British)');
INSERT INTO country (id, code, name) VALUES (null, 'VI', 'Virgin Islands (U.S.)');
INSERT INTO country (id, code, name) VALUES (null, 'WF', 'Wallis and Futuna Islands');
INSERT INTO country (id, code, name) VALUES (null, 'EH', 'Western Sahara');
INSERT INTO country (id, code, name) VALUES (null, 'YE', 'Yemen');
INSERT INTO country (id, code, name) VALUES (null, 'YU', 'Yugoslavia');
INSERT INTO country (id, code, name) VALUES (null, 'ZR', 'Zaire');
INSERT INTO country (id, code, name) VALUES (null, 'ZM', 'Zambia');
INSERT INTO country (id, code, name) VALUES (null, 'ZW', 'Zimbabwe');

insert into genre (id, name) values (1, 'Fantasy');
insert into genre (id, name) values (2, 'Mystery');
insert into genre (id, name) values (3, 'Science Fiction');
insert into genre (id, name) values (4, 'Nonfiction');
insert into genre (id, name) values (5, 'Thriller');
insert into genre (id, name) values (6, 'Young Adult');
insert into genre (id, name) values (7, 'Comedy');
insert into genre (id, name) values (8, 'Biography');
insert into genre (id, name) values (9, 'Horror');

insert into author (id, birth_date, first_name, last_name, website, country_born) values (1, '1965-07-31', 'J. K.', 'Rowling', 'jkrowling.com', 230);
insert into author (id, birth_date, first_name, last_name, website, country_born) values (2, '1975-12-19', 'Brandon', 'Sanderson', 'brandonsanderson.com', 231);
insert into author (id, birth_date, first_name, last_name, website, country_born) values (3, '1954-08-15', 'Stieg', 'Larsson', 'stieglarsson.com', 211);
insert into author (id, birth_date, first_name, last_name, website, country_born) values (4, '1972-03-29', 'Ernest', 'Cline', 'ernestcline.com', 231);
insert into author (id, birth_date, first_name, last_name, website, country_born) values (4, '1972-03-29', 'Ernest', 'Cline', 'ernestcline.com', 231);
insert into author (id, birth_date, first_name, last_name, website, country_born) values (5, '1972-08-26', 'Paula', 'Hawkins', 'paulahawkinsbooks.com', 246);
insert into author (id, birth_date, first_name, last_name, website, country_born) values (6, '1947-09-21', 'Stephen', 'King', 'stephenking.com', 231);
insert into author (id, birth_date, first_name, last_name, website, country_born) values (7, '1979-10-06', 'Leonel', ' Caldela', 'leonelcaldela.com', 31);
insert into author (id, birth_date, first_name, last_name, website, country_born) values (8, '1977-08-24', 'John', 'Green', 'johngreenbooks.com', 231);
insert into author (id, birth_date, first_name, last_name, website, country_born) values (9, '1962-08-10', 'Suzanne', 'Collins', 'suzannecollinsbooks.com', 231);
insert into author (id, birth_date, first_name, last_name, website, country_born) values (10, '1971-02-24', 'Gillian', 'Flynn', 'gillian-flynn.com', 231);
insert into author (id, birth_date, first_name, last_name, website, country_born) values (11, '1948-09-20', 'George R. R.', 'Martin', 'georgerrmartin.com', 231);
insert into author (id, birth_date, first_name, last_name, website, country_born) values (12, '1892-01-03', 'J. R. R.', 'Tolkien', 'tolkiensociety.org', 201);
insert into author (id, birth_date, first_name, last_name, website, country_born) values (13, '1976-06-05', 'Eduardo', 'Spohr', 'filosofianerd.blogspot.com', 31);

insert into book (id, title, pages, publisher, publishing_date, language, cover_link) values (1, 'A Batalha do Apocalipse', 586, 'Verus', '2010-05-01', 89, 'https://upload.wikimedia.org/wikipedia/pt/2/29/A-batalha-do-apocalipse.jpg');
insert into book (id, title, pages, publisher, publishing_date, language, cover_link) values (2, 'The Girl on the Train', 336, 'Riverhead Books', '2015-01-13', 1, 'http://s33.postimg.org/ex47wyinz/the_girl_on_the_train.jpg');
insert into book (id, title, pages, publisher, publishing_date, language, cover_link) values (3, 'The Fault in our Stars', 313, 'Dutton Books', '2012-01-10', 1, 'https://upload.wikimedia.org/wikipedia/en/a/a9/The_Fault_in_Our_Stars.jpg');
insert into book (id, title, pages, publisher, publishing_date, language, cover_link) values (4, 'A Game of Thrones', 694, 'Bantam Spectra', '1996-08-06', 1, 'http://vignette1.wikia.nocookie.net/iceandfire/images/b/b6/Game_of_thrones.jpeg');
insert into book (id, title, pages, publisher, publishing_date, language, cover_link) values (5, 'The Fellowship of the Ring', 398, 'George Allen & Unwin', '1954-07-29', 1, 'http://www.saltmanz.com/pictures/albums/Cover%20Scans/Book%20Covers/Fellowship%20of%20the%20Ring.jpg');
insert into book (id, title, pages, publisher, publishing_date, language, cover_link) values (6, 'The Two Towers', 322, 'George Allen & Unwin', '1954-11-11', 1, 'https://youngmomsouvenirs.files.wordpress.com/2014/10/the-two-towers-book.jpg');
insert into book (id, title, pages, publisher, publishing_date, language, cover_link) values (7, 'The Return of the King', 490, 'George Allen & Unwin', '1955-10-20', 1, 'http://covers.booktopia.com.au/big/9780007488353/the-return-of-the-king.jpg');
insert into book (id, title, pages, publisher, publishing_date, language, cover_link) values (8, 'Gone Girl', 432, 'Broadway Books', '2012-05-24', 1, 'http://www.dailyherald.com/storyimage/DA/20141224/entlife/141229576/AR/0/AR-141229576.jpg');
insert into book (id, title, pages, publisher, publishing_date, language, cover_link) values (9, 'The Girl with the Dragon Tattoo', 465, 'Knopf', '2008-09-16', 1, 'http://ecx.images-amazon.com/images/I/51v0byy2OhL.jpg');
insert into book (id, title, pages, publisher, publishing_date, language, cover_link) values (10, 'Carrie', 199, 'Doubleday', '1974-04-05', 1, 'https://d.gr-assets.com/books/1166254258l/10592.jpg');
insert into book (id, title, pages, publisher, publishing_date, language, cover_link) values (11, 'The Shining', 447, 'Doubleday', '1977-01-28', 1, 'https://upload.wikimedia.org/wikipedia/en/4/4c/Shiningnovel.jpg');
insert into book (id, title, pages, publisher, publishing_date, language, cover_link) values (12, 'The Hunger Games', 374 , 'Scholastic Press', '2008-09-14', 1, 'https://d.gr-assets.com/books/1447303603l/2767052.jpg');
insert into book (id, title, pages, publisher, publishing_date, language, cover_link) values (13, 'Harry Potter and the Sorcerer\'s Stone', 310, 'Scholastic', '1997-06-26', 1, 'https://upload.wikimedia.org/wikipedia/en/b/bf/Harry_Potter_and_the_Sorcerer\'s_Stone.jpg');

insert into book_authors (book, authors) values (1, 13);
insert into book_authors (book, authors) values (2, 5);
insert into book_authors (book, authors) values (3, 8);
insert into book_authors (book, authors) values (4, 11);
insert into book_authors (book, authors) values (5, 12);
insert into book_authors (book, authors) values (6, 12);
insert into book_authors (book, authors) values (7, 12);
insert into book_authors (book, authors) values (8, 10);
insert into book_authors (book, authors) values (9, 3);
insert into book_authors (book, authors) values (10, 6);
insert into book_authors (book, authors) values (11, 6);
insert into book_authors (book, authors) values (12, 9);
insert into book_authors (book, authors) values (13, 1);

insert into book_genres (book, genres) values (1, 1);
insert into book_genres (book, genres) values (2, 5);
insert into book_genres (book, genres) values (2, 2);
insert into book_genres (book, genres) values (3, 6);
insert into book_genres (book, genres) values (4, 1);
insert into book_genres (book, genres) values (5, 1);
insert into book_genres (book, genres) values (6, 1);
insert into book_genres (book, genres) values (7, 1);
insert into book_genres (book, genres) values (8, 5);
insert into book_genres (book, genres) values (9, 2);
insert into book_genres (book, genres) values (9, 5);
insert into book_genres (book, genres) values (10, 5);
insert into book_genres (book, genres) values (10, 9);
insert into book_genres (book, genres) values (11, 5);
insert into book_genres (book, genres) values (11, 9);
insert into book_genres (book, genres) values (12, 6);
insert into book_genres (book, genres) values (13, 1);
insert into book_genres (book, genres) values (13, 6);